"1","Comedy"
"2","Comedy"
"4","Documentary"
"5","Drama"
"5","Horror"
"5","Mystery"
"8","Comedy"
"9","Reality"
"10","Comedy"
"11","Comedy"
"13","Crime"
"13","Drama"
"13","Mystery"
"16","Comedy"
"17","Comedy"
"17","Sci"
"23","Drama"
"23","Horror"
"23","Sci"
"25","Drama"
"25","Family"
"26","Comedy"
"26","Game"
"29","Comedy"
"30","Drama"
"32","Horror"
"32","Thriller"
"33","Adventure"
"33","Animation"
"33","Comedy"
"34","Documentary"
"35","Crime"
"35","Drama"
"35","Mystery"
"36","Action"
"36","Comedy"
"36","Family"
"40","Comedy"
"41","Comedy"
"42","Comedy"
"42","Romance"
"43","Comedy"
"44","Comedy"
"46","Animation"
"46","Fantasy"
"48","Adventure"
"48","Animation"
"48","Sci"
"50","Drama"
"51","Action"
"51","Documentary"
"51","Drama"
"53","Animation"
"53","Comedy"
"53","Family"
"55","Action"
"55","Crime"
"55","Drama"
"58","Comedy"
"61","Comedy"
"61","Drama"
"65","Comedy"
"65","War"
"66","Comedy"
"66","Drama"
"66","Fantasy"
"71","Reality"
"72","Animation"
"72","Comedy"
"75","Drama"
"75","Horror"
"75","Thriller"
"77","Reality"
"81","Reality"
"84","Comedy"
"84","Family"
"84","Reality"
"85","Game"
"86","Crime"
"86","Drama"
"88","Reality"
"89","Comedy"
"90","Comedy"
"90","Documentary"
"94","Drama"
"100","Documentary"
"102","Drama"
"106","Drama"
"107","Comedy"
"108","Family"
"108","Horror"
"108","Mystery"
"110","Drama"
"111","Reality"
"112","Comedy"
"112","Drama"
"121","Reality"
"124","Reality"
"125","Action"
"125","Adventure"
"125","Animation"
"134","Comedy"
"135","Comedy"
"136","Reality"
"138","Reality"
"139","Adventure"
"139","Animation"
"139","Family"
"141","Documentary"
"141","Family"
"149","Action"
"149","Adventure"
"149","Animation"
"152","Documentary"
"153","Action"
"153","Adventure"
"153","Drama"
"156","Crime"
"156","Drama"
"158","Reality"
"160","Animation"
"160","Comedy"
"160","Music"
"162","Crime"
"163","Comedy"
"163","Drama"
"163","Fantasy"
"168","Comedy"
"170","Comedy"
"176","Comedy"
"177","Comedy"
"178","Reality"
"179","Drama"
"179","Romance"
"181","Comedy"
"181","Family"
"181","Fantasy"
"182","Fantasy"
"182","Mystery"
"182","Thriller"
"183","Fantasy"
"183","Mystery"
"183","Thriller"
"184","Fantasy"
"184","Mystery"
"184","Thriller"
"188","Game"
"194","Drama"
"197","Drama"
"207","Action"
"207","Adventure"
"207","Drama"
"208","Comedy"
"215","Drama"
"215","Fantasy"
"215","Horror"
"216","Crime"
"216","Drama"
"218","Crime"
"218","Drama"
"219","Animation"
"219","Comedy"
"220","Crime"
"220","Drama"
"221","Action"
"221","Comedy"
"221","Drama"
"225","Comedy"
"225","Crime"
"225","Mystery"
"227","Comedy"
"227","Crime"
"227","Drama"
"228","Documentary"
"228","Reality"
"230","Comedy"
"230","Drama"
"230","Family"
"234","Documentary"
"234","Reality"
"235","Crime"
"235","Drama"
"235","Thriller"
"236","Action"
"236","Comedy"
"237","Reality"
"238","Crime"
"238","Drama"
"238","Thriller"
"240","Animation"
"240","Comedy"
"241","Reality"
"245","Reality"
"246","Drama"
"251","Comedy"
"255","Reality"
"256","Comedy"
"256","Drama"
"258","Action"
"258","Crime"
"258","Drama"
"266","Comedy"
"266","Documentary"
"267","Reality"
"269","Reality"
"271","Action"
"271","Drama"
"271","Sci"
"274","Animation"
"274","Fantasy"
"274","Sci"
"275","Adventure"
"275","Animation"
"275","Comedy"
"276","Comedy"
"280","Drama"
"280","Fantasy"
"280","Mystery"
"282","Comedy"
"282","Drama"
"285","Reality"
"287","Comedy"
"287","Game"
"288","Game"
"290","Action"
"290","Animation"
"290","Sci"
"292","Comedy"
"292","Music"
"293","Drama"
"293","Fantasy"
"293","Mystery"
"294","Action"
"294","Adventure"
"294","Crime"
"296","Comedy"
"296","Drama"
"296","Fantasy"
"298","Action"
"298","Crime"
"298","Drama"
"299","Comedy"
"299","Drama"
"300","Comedy"
"300","Talk"
"303","Comedy"
"304","Adventure"
"304","Animation"
"304","Comedy"
"308","Crime"
"308","Drama"
"308","Mystery"
"311","Animation"
"311","Comedy"
"335","Comedy"
"336","Drama"
"338","Comedy"
"341","Comedy"
"342","Animation"
"342","Comedy"
"342","Family"
"343","News"
"343","Talk"
"346","Action"
"346","Crime"
"346","Drama"
"347","Animation"
"347","Comedy"
"347","Family"
"353","Horror"
"353","Mystery"
"354","Crime"
"354","Drama"
"354","Mystery"
"355","Drama"
"357","Adventure"
"357","Drama"
"357","History"
"358","Crime"
"358","Drama"
"358","Mystery"
"359","Action"
"359","Crime"
"359","Drama"
"360","Action"
"360","Crime"
"360","Drama"
"363","Comedy"
"366","Comedy"
"366","Talk"
"368","Crime"
"368","Drama"
"368","Mystery"
"371","Animation"
"371","Comedy"
"372","Action"
"372","Drama"
"372","Mystery"
"373","Action"
"373","Crime"
"373","Drama"
"374","Documentary"
"374","Horror"
"374","Sci"
"375","Animation"
"375","Comedy"
"375","Family"
"376","Drama"
"377","Crime"
"377","Drama"
"379","Comedy"
"379","Drama"
"379","Fantasy"
"380","Documentary"
"380","Reality"
"381","Action"
"381","Adventure"
"381","History"
"382","Crime"
"382","Drama"
"382","History"
"383","Crime"
"383","Drama"
"386","Drama"
"386","Sci"
"392","Comedy"
"392","Drama"
"392","Romance"
"394","Reality"
"395","Action"
"395","Crime"
"395","Drama"
"399","Crime"
"399","Drama"
"399","Mystery"
"400","Animation"
"400","Comedy"
"405","Animation"
"412","Drama"
"414","Reality"
"416","Comedy"
"417","Comedy"
"417","Drama"
"417","Fantasy"
"419","Adventure"
"419","Drama"
"419","Family"
"420","Documentary"
"421","Reality"
"424","Drama"
"424","Mystery"
"424","Sci"
"427","Comedy"
"431","Drama"
"432","Animation"
"432","Comedy"
"433","Drama"
"433","Family"
"433","Western"
"436","Action"
"436","Adventure"
"436","Animation"
"439","Animation"
"439","Comedy"
"443","Comedy"
"443","Drama"
"444","Reality"
"445","Animation"
"445","Comedy"
"445","Drama"
"446","Adventure"
"446","Animation"
"446","Comedy"
"448","Game"
"450","Action"
"450","Crime"
"450","Drama"
"455","Drama"
"455","Fantasy"
"456","Adventure"
"456","Sci"
"457","Action"
"457","Drama"
"457","Mystery"
"465","Crime"
"465","Drama"
"465","Mystery"
"467","Comedy"
"467","Drama"
"470","Crime"
"470","Drama"
"478","Drama"
"479","Comedy"
"480","Comedy"
"481","Adventure"
"481","Animation"
"481","Family"
"482","Reality"
"483","Comedy"
"483","Drama"
"485","Documentary"
"487","Reality"
"492","Documentary"
"492","Mystery"
"492","Reality"
"494","Comedy"
"494","Drama"
"496","Animation"
"496","Comedy"
"497","Comedy"
"497","Drama"
"497","Family"
"500","Action"
"500","Animation"
"500","Family"
"501","Adventure"
"501","Sci"
"504","Comedy"
"505","Comedy"
"506","Game"
"508","Drama"
"510","Action"
"510","Animation"
"510","Comedy"
"511","Documentary"
"511","Drama"
"512","Adventure"
"512","Drama"
"512","Sci"
"514","Drama"
"514","Mystery"
"514","Sci"
"515","Action"
"515","Crime"
"515","Drama"
"517","Comedy"
"517","Music"
"519","Reality"
"520","Reality"
"529","Comedy"
"532","Fantasy"
"532","Horror"
"532","Thriller"
"533","Comedy"
"534","Documentary"
"535","Comedy"
"535","Drama"
"536","Drama"
"536","Sport"
"537","Horror"
"539","Comedy"
"540","Drama"
"540","Mystery"
"540","Sci"
"541","Animation"
"541","Comedy"
"541","Sci"
"545","Animation"
"545","Comedy"
"545","Sci"
"548","Animation"
"550","Adventure"
"550","Animation"
"550","Sci"
"551","Adventure"
"551","Drama"
"551","Fantasy"
"553","Biography"
"553","Crime"
"553","History"
"554","Action"
"554","Animation"
"554","Crime"
"556","Comedy"
"556","Horror"
"558","Comedy"
"562","Comedy"
"562","Drama"
"567","Comedy"
"567","Crime"
"567","Mystery"
"568","History"
"568","Sci"
"572","Drama"
"572","Fantasy"
"575","Comedy"
"575","Family"
"576","Comedy"
"576","Drama"
"583","Thriller"
"584","Comedy"
"584","Drama"
"585","Documentary"
"589","Animation"
"589","Comedy"
"589","Family"
"590","Family"
"590","Fantasy"
"590","Horror"
"594","Drama"
"594","Romance"
"596","Animation"
"596","Comedy"
"596","Fantasy"
"597","Drama"
"600","Action"
"600","Animation"
"600","Sci"
"601","Comedy"
"601","Drama"
"604","Comedy"
"607","Drama"
"607","Family"
"607","Fantasy"
"610","Documentary"
"613","Comedy"
"613","Family"
"613","Music"
"614","Comedy"
"615","Comedy"
"616","Drama"
"616","Mystery"
"616","Thriller"
"619","Reality"
"622","Comedy"
"622","Crime"
"622","Drama"
"623","Comedy"
"623","Drama"
"625","Reality"
"626","Reality"
"628","Crime"
"628","Drama"
"628","Fantasy"
"630","Drama"
"635","Reality"
"636","Documentary"
"638","Comedy"
"638","Drama"
"639","Reality"
"640","Reality"
"641","Action"
"641","Adventure"
"641","Drama"
"642","Reality"
"643","Comedy"
"652","Action"
"652","Adventure"
"659","Comedy"
"659","War"
"661","Drama"
"672","Drama"
"674","Comedy"
"676","Reality"
"678","Drama"
"678","Family"
"678","Mystery"
"680","Comedy"
"680","Drama"
"680","Family"
"682","Comedy"
"682","Romance"
"683","Comedy"
"684","Comedy"
"684","Drama"
"689","Action"
"689","Adventure"
"689","Crime"
"693","Animation"
"693","Comedy"
"693","Family"
"694","Reality"
"695","Comedy"
"695","Family"
"695","Fantasy"
"697","Comedy"
"698","Comedy"
"698","Drama"
"701","Comedy"
"701","Family"
"702","Reality"
"703","Documentary"
"703","Reality"
"704","Comedy"
"705","Reality"
"707","Crime"
"707","Drama"
"707","Mystery"
"708","Comedy"
"709","Documentary"
"709","War"
"710","Drama"
"714","Action"
"714","Adventure"
"714","Animation"
"719","Game"
"723","Comedy"
"724","Action"
"724","Adventure"
"724","Comedy"
"726","Animation"
"726","Family"
"726","Fantasy"
"727","Action"
"727","Crime"
"727","Drama"
"729","Drama"
"729","Sci"
"730","Comedy"
"735","Comedy"
"735","Drama"
"735","Reality"
"737","Comedy"
"738","Drama"
"738","Fantasy"
"742","Fantasy"
"742","Romance"
"742","Sci"
"743","Reality"
"745","Reality"
"750","Action"
"750","Adventure"
"750","Animation"
"751","Action"
"751","Crime"
"751","Drama"
"752","Crime"
"752","Drama"
"757","Comedy"
"761","Comedy"
"761","Reality"
"765","Crime"
"765","Drama"
"765","Mystery"
"766","Adventure"
"766","Animation"
"766","Family"
"769","Animation"
"769","Comedy"
"769","Drama"
"771","Drama"
"771","Fantasy"
"771","Horror"
"773","Comedy"
"777","Documentary"
"778","Reality"
"780","Drama"
"780","Mystery"
"780","Sci"
"781","Action"
"781","Drama"
"781","Romance"
"782","Documentary"
"789","Action"
"789","Drama"
"789","Mystery"
"790","Comedy"
"790","Talk"
"804","Action"
"804","Crime"
"804","Mystery"
"805","Adventure"
"805","Sci"
"806","Crime"
"806","Drama"
"806","Mystery"
"810","Drama"
"811","Family"
"816","Crime"
"816","Drama"
"816","Thriller"
"817","Drama"
"818","Comedy"
"818","Drama"
"820","Comedy"
"823","Comedy"
"824","Reality"
"825","Comedy"
"825","Family"
"828","Drama"
"830","Drama"
"830","Western"
"832","Crime"
"832","Fantasy"
"832","Horror"
"837","Comedy"
"840","Reality"
"842","Comedy"
"848","Comedy"
"848","Romance"
"849","Comedy"
"850","Drama"
"852","Drama"
"853","Crime"
"853","Drama"
"853","Mystery"
"855","Crime"
"855","Drama"
"855","Mystery"
"858","Comedy"
"859","Reality"
"862","Adventure"
"862","Reality"
"864","Reality"
"871","Horror"
"871","Thriller"
"875","Crime"
"875","Drama"
"875","Mystery"
"876","Comedy"
"879","Drama"
"880","Comedy"
"880","Crime"
"880","Drama"
"881","Comedy"
"881","Drama"
"883","Comedy"
"883","Drama"
"883","Romance"
"884","Comedy"
"884","Drama"
"886","Drama"
"888","Animation"
"888","Comedy"
"888","Music"
"889","Action"
"889","Drama"
"889","Mystery"
"890","Action"
"890","Crime"
"890","Drama"
"891","Crime"
"891","Drama"
"891","Mystery"
"896","Reality"
"899","Game"
"900","Comedy"
"900","Drama"
"900","Fantasy"
"908","Reality"
"909","Comedy"
"909","Game"
"910","Comedy"
"912","Comedy"
"912","Drama"
"912","Mystery"
"913","Animation"
"913","Comedy"
"915","Documentary"
"917","Comedy"
"917","Music"
"919","Drama"
"919","Fantasy"
"919","Horror"
"920","Comedy"
"920","Drama"
"920","Mystery"
"923","Comedy"
"927","Drama"
"928","Comedy"
"930","Animation"
"930","Family"
"933","Crime"
"933","Drama"
"933","Mystery"
"934","Action"
"934","Adventure"
"934","Drama"
"938","Comedy"
"946","Comedy"
"947","Action"
"947","Drama"
"947","Thriller"
"949","Reality"
"950","Comedy"
"951","Documentary"
"951","Mystery"
"956","History"
"961","Crime"
"961","Drama"
"961","Mystery"
"962","Drama"
"964","Animation"
"964","Comedy"
"965","Comedy"
"965","Game"
"966","Crime"
"966","Drama"
"967","Comedy"
"968","Comedy"
"968","Crime"
"968","Drama"
"969","Comedy"
"969","Romance"
"970","Comedy"
"974","Action"
"974","Comedy"
"974","Drama"
"976","Comedy"
"976","Drama"
"979","Crime"
"979","Drama"
"979","Mystery"
"980","Comedy"
"980","Drama"
"983","Crime"
"983","Drama"
"984","Crime"
"984","Drama"
"984","Mystery"
"985","Reality"
"986","Action"
"986","Adventure"
"986","Family"
"987","Drama"
"987","Mystery"
"989","Comedy"
"990","Action"
"990","Adventure"
"990","Drama"
"991","Comedy"
"991","Drama"
"994","Reality"
"995","Reality"
"997","Drama"
"997","Sport"
"998","Comedy"
"1002","Comedy"
"1003","Drama"
"1003","Sci"
"1005","Comedy"
"1005","Drama"
"1006","Comedy"
"1006","Crime"
"1006","Drama"
"1007","Comedy"
"1008","Action"
"1008","Drama"
"1008","War"
"1010","Comedy"
"1010","Drama"
"1011","Action"
"1011","Sci"
"1016","Documentary"
"1016","Mystery"
"1016","Reality"
"1017","Reality"
"1019","Comedy"
"1019","Drama"
"1021","Reality"
"1022","Comedy"
"1024","Crime"
"1024","Drama"
"1024","Mystery"
"1025","Reality"
"1026","Reality"
"1027","Comedy"
"1032","Comedy"
"1032","Romance"
"1033","Action"
"1033","Drama"
"1033","Mystery"
"1034","Drama"
"1034","Mystery"
"1034","Thriller"
"1036","Animation"
"1036","Comedy"
"1036","Family"
"1037","Comedy"
"1039","Game"
"1042","Reality"
"1044","Action"
"1044","Animation"
"1044","Documentary"
"1045","Adventure"
"1045","Animation"
"1045","Short"
"1048","Crime"
"1048","Drama"
"1048","Horror"
"1050","Reality"
"1058","Drama"
"1058","Mystery"
"1058","Thriller"
"1059","Crime"
"1059","Drama"
"1059","Thriller"
"1064","Comedy"
"1064","Drama"
"1064","Romance"
"1065","Comedy"
"1068","Game"
"1072","Reality"
"1074","Comedy"
"1074","Crime"
"1074","Mystery"
"1076","Drama"
"1079","Comedy"
"1079","Drama"
"1079","Fantasy"
"1081","Comedy"
"1081","Game"
"1082","Adventure"
"1082","Animation"
"1082","Comedy"
"1085","Comedy"
"1085","Drama"
"1085","Family"
"1087","Comedy"
"1087","Drama"
"1092","Comedy"
"1092","Talk"
"1094","Adventure"
"1094","Comedy"
"1094","Drama"
"1095","Comedy"
"1095","Drama"
"1096","Action"
"1096","Adventure"
"1096","Animation"
"1098","Action"
"1098","Adventure"
"1098","Animation"
"1100","Comedy"
"1101","Drama"
"1101","Sci"
"1103","Adventure"
"1103","Fantasy"
"1103","Mystery"
"1105","Action"
"1105","Drama"
"1106","Comedy"
"1106","Crime"
"1107","Comedy"
"1107","Crime"
"1107","Drama"
"1109","Comedy"
"1109","Drama"
"1110","Reality"
"1112","Comedy"
"1117","Comedy"
"1118","Reality"
"1119","Crime"
"1119","Drama"
"1119","Mystery"
"1123","Adventure"
"1123","Drama"
"1123","Family"
"1127","Animation"
"1127","Comedy"
"1128","News"
"1132","Crime"
"1132","Drama"
"1133","Comedy"
"1133","Drama"
"1134","Comedy"
"1134","Reality"
"1139","Comedy"
"1139","Drama"
"1140","Crime"
"1140","Drama"
"1140","Mystery"
"1143","Comedy"
"1144","Animation"
"1144","Comedy"
"1144","Family"
"1145","Comedy"
"1145","Romance"
"1146","Comedy"
"1150","Crime"
"1150","Drama"
"1152","Comedy"
"1152","Family"
"1152","Fantasy"
"1154","Comedy"
"1154","Mystery"
"1154","Romance"
"1160","Comedy"
"1160","Music"
"1164","Comedy"
"1165","Reality"
"1170","Animation"
"1170","Family"
"1170","Mystery"
"1174","Comedy"
"1174","Drama"
"1176","Animation"
"1176","Comedy"
"1176","Sci"
"1177","Documentary"
"1178","Drama"
"1179","Reality"
"1181","Comedy"
"1184","Comedy"
"1184","Romance"
"1185","Comedy"
"1185","Family"
"1189","Reality"
"1191","Action"
"1191","Adventure"
"1191","Animation"
"1194","Reality"
"1197","Crime"
"1197","Drama"
"1197","Mystery"
"1198","Animation"
"1198","Sci"
"1199","Action"
"1199","Sci"
"1207","Drama"
"1210","Comedy"
"1210","Drama"
"1212","Comedy"
"1212","Drama"
"1212","Romance"
"1213","Sci"
"1216","Drama"
"1216","Romance"
"1216","Sci"
"1217","Comedy"
"1217","Drama"
"1217","Family"
"1219","Animation"
"1219","Family"
"1219","Fantasy"
"1223","Adventure"
"1223","Family"
"1223","Mystery"
"1225","Reality"
"1227","Action"
"1227","Adventure"
"1227","Animation"
"1228","Crime"
"1228","Drama"
"1228","Thriller"
"1229","Reality"
"1230","Comedy"
"1234","Crime"
"1234","Drama"
"1238","Action"
"1238","Adventure"
"1238","Biography"
"1241","Action"
"1241","Animation"
"1241","Crime"
"1246","Comedy"
"1248","Animation"
"1248","Comedy"
"1248","Family"
"1251","Comedy"
"1253","Action"
"1253","Drama"
"1253","Sci"
"1254","Action"
"1254","Adventure"
"1254","Sci"
"1255","Action"
"1255","Adventure"
"1255","Sci"
"1256","Action"
"1256","Adventure"
"1256","Sci"
"1257","Action"
"1257","Adventure"
"1257","Animation"
"1258","Action"
"1258","Drama"
"1258","Sci"
"1259","Action"
"1259","Adventure"
"1259","Sci"
"1260","Drama"
"1260","Sci"
"1262","Comedy"
"1264","Action"
"1264","Adventure"
"1264","Animation"
"1265","Reality"
"1266","Comedy"
"1274","Comedy"
"1276","Action"
"1276","Drama"
"1276","Thriller"
"1277","Reality"
"1283","Comedy"
"1283","Drama"
"1285","Drama"
"1286","Family"
"1286","Sci"
"1289","Action"
"1289","Adventure"
"1289","Animation"
"1293","Drama"
"1293","Mystery"
"1293","Sci"
"1295","Comedy"
"1299","Comedy"
"1307","Drama"
"1307","Family"
"1312","Game"
"1313","Comedy"
"1313","Crime"
"1313","Horror"
"1315","Adventure"
"1315","Animation"
"1315","Comedy"
"1321","Documentary"
"1321","Reality"
"1322","Action"
"1322","Adventure"
"1322","Animation"
"1327","Action"
"1327","Sci"
"1328","Adventure"
"1328","Mystery"
"1328","Sci"
"1330","Comedy"
"1333","Comedy"
"1333","Romance"
"1334","Comedy"
"1334","Family"
"1334","Fantasy"
"1335","Sci"
"1337","Action"
"1337","Adventure"
"1337","Crime"
"1340","Animation"
"1340","Fantasy"
"1342","Crime"
"1342","Drama"
"1342","Mystery"
"1345","Animation"
"1345","Family"
"1347","Game"
"1349","Game"
"1351","Game"
"1352","Reality"
"1354","Comedy"
"1354","Drama"
"1354","Family"
"1357","Comedy"
"1358","Comedy"
"1358","Drama"
"1364","Action"
"1364","Animation"
"1364","Comedy"
"1366","Action"
"1366","Animation"
"1366","Comedy"
"1367","Comedy"
"1367","Family"
"1368","Talk"
"1373","Comedy"
"1374","Crime"
"1374","Drama"
"1376","Reality"
"1378","Animation"
"1378","Comedy"
"1381","Comedy"
"1381","News"
"1381","Talk"
"1385","Comedy"
"1385","News"
"1385","Talk"
"1386","Horror"
"1386","Sci"
"1387","Drama"
"1387","Fantasy"
"1387","Mystery"
"1389","Drama"
"1391","Talk"
"1393","Comedy"
"1393","Drama"
"1395","Action"
"1395","Adventure"
"1395","Comedy"
"1396","Comedy"
"1396","Talk"
"1398","Crime"
"1398","Drama"
"1398","Mystery"
"1399","Comedy"
"1399","Drama"
"1400","Comedy"
"1401","Comedy"
"1402","Fantasy"
"1402","Horror"
"1406","Comedy"
"1407","Comedy"
"1407","Crime"
"1407","Drama"
"1408","Action"
"1408","Drama"
"1409","Crime"
"1409","Mystery"
"1409","Reality"
"1410","Animation"
"1410","Comedy"
"1410","Family"
"1413","Comedy"
"1413","Family"
"1416","Crime"
"1416","Drama"
"1416","Mystery"
"1418","Action"
"1418","Crime"
"1418","Drama"
"1422","Comedy"
"1422","Drama"
"1424","Comedy"
"1425","Crime"
"1425","Drama"
"1425","Mystery"
"1427","Comedy"
"1427","Talk"
"1431","Action"
"1431","Adventure"
"1431","Family"
"1432","Talk"
"1434","Animation"
"1434","Family"
"1434","Fantasy"
"1450","Comedy"
"1451","Comedy"
"1451","Crime"
"1453","Drama"
"1454","Comedy"
"1458","Adventure"
"1458","Animation"
"1459","Comedy"
"1461","Crime"
"1461","Drama"
"1461","Fantasy"
"1462","Reality"
"1466","Adventure"
"1466","Animation"
"1466","Fantasy"
"1469","Crime"
"1469","Drama"
"1469","Mystery"
"1471","Comedy"
"1471","Drama"
"1471","Sci"
"1472","Comedy"
"1472","Fantasy"
"1472","Musical"
"1474","Comedy"
"1475","Crime"
"1475","Drama"
"1479","Comedy"
"1480","Comedy"
"1482","Drama"
"1484","Game"
"1487","Comedy"
"1487","Drama"
"1487","Romance"
"1489","Comedy"
"1489","Drama"
"1490","Comedy"
"1490","News"
"1492","Reality"
"1495","Action"
"1498","Action"
"1498","Adventure"
"1498","Animation"
"1499","Documentary"
"1499","Reality"
"1500","Animation"
"1500","Comedy"
"1501","Crime"
"1501","Drama"
"1502","Crime"
"1502","Drama"
"1502","Mystery"
"1503","Drama"
"1503","Sci"
"1504","Drama"
"1505","Documentary"
"1506","Animation"
"1506","Comedy"
"1506","Drama"
"1512","Reality"
"1523","Comedy"
"1523","Crime"
"1523","Drama"
"1524","Animation"
"1524","Comedy"
"1527","Drama"
"1527","Family"
"1527","Sci"
"1528","Comedy"
"1531","Drama"
"1531","Fantasy"
"1531","Horror"
"1536","Crime"
"1536","Drama"
"1536","Thriller"
"1537","Reality"
"1538","Family"
"1538","Game"
"1539","Action"
"1539","Adventure"
"1539","Crime"
"1540","Crime"
"1540","Drama"
"1544","Comedy"
"1544","Drama"
"1546","Comedy"
"1546","Family"
"1547","Action"
"1547","Adventure"
"1547","Comedy"
"1548","Animation"
"1548","Family"
"1548","Fantasy"
"1550","Comedy"
"1550","Talk"
"1555","Action"
"1555","Reality"
"1556","Action"
"1556","Drama"
"1556","Thriller"
"1558","Comedy"
"1558","Drama"
"1560","Drama"
"1560","Fantasy"
"1560","Horror"
"1561","Action"
"1561","Adventure"
"1561","Animation"
"1565","Drama"
"1565","Horror"
"1565","Thriller"
"1566","Comedy"
"1567","Animation"
"1567","Family"
"1568","Drama"
"1569","Drama"
"1571","Comedy"
"1571","Drama"
"1571","Family"
"1572","Animation"
"1572","Family"
"1573","Reality"
"1574","Comedy"
"1575","Comedy"
"1575","Drama"
"1575","Horror"
"1581","Drama"
"1581","Mystery"
"1581","Sci"
"1583","Music"
"1588","Action"
"1588","Crime"
"1588","Drama"
"1589","Documentary"
"1592","Drama"
"1593","Comedy"
"1594","Documentary"
"1594","Family"
"1594","Mystery"
"1595","Adventure"
"1595","Animation"
"1595","Family"
"1599","Comedy"
"1600","Documentary"
"1602","Comedy"
"1602","Drama"
"1608","Animation"
"1608","Comedy"
"1608","Family"
"1618","Comedy"
"1622","Drama"
"1622","Family"
"1622","Fantasy"
"1625","Action"
"1625","Drama"
"1625","War"
"1626","Drama"
"1626","Fantasy"
"1626","Mystery"
"1628","Comedy"
"1628","Drama"
"1630","Action"
"1630","Animation"
"1630","Family"
"1631","Action"
"1631","Adventure"
"1631","Animation"
"1634","Action"
"1634","Adventure"
"1634","Animation"
"1635","Adventure"
"1635","Animation"
"1635","Family"
"1639","Comedy"
"1640","Adventure"
"1640","Drama"
"1644","Action"
"1644","Crime"
"1644","Drama"
"1648","Crime"
"1648","Drama"
"1648","Mystery"
"1649","Comedy"
"1650","Comedy"
"1651","Comedy"
"1653","Animation"
"1653","Comedy"
"1653","Horror"
"1655","Action"
"1655","War"
"1658","Comedy"
"1664","Action"
"1664","Thriller"
"1667","Comedy"
"1670","Comedy"
"1670","Drama"
"1676","Drama"
"1676","Sci"
"1677","Comedy"
"1680","Comedy"
"1683","Crime"
"1683","Drama"
"1683","Mystery"
"1685","Comedy"
"1685","Crime"
"1686","Comedy"
"1686","Drama"
"1686","Family"
"1692","Crime"
"1692","Drama"
"1692","Mystery"
"1693","Action"
"1693","Crime"
"1693","Drama"
"1695","Drama"
"1695","Mystery"
"1695","Sci"
"1697","Drama"
"1697","Romance"
"1704","Reality"
"1705","Comedy"
"1705","Drama"
"1706","Comedy"
"1706","Drama"
"1707","Family"
"1707","Reality"
"1713","Crime"
"1713","Mystery"
"1713","Thriller"
"1715","Comedy"
"1719","Comedy"
"1719","Family"
"1719","Romance"
"1720","Comedy"
"1720","Game"
"1723","Adventure"
"1723","Drama"
"1723","Western"
"1725","Comedy"
"1729","Action"
"1729","Adventure"
"1729","Animation"
"1730","Comedy"
"1730","Game"
"1731","Crime"
"1731","Drama"
"1731","Mystery"
"1732","Crime"
"1732","Drama"
"1732","Mystery"
"1733","Comedy"
"1733","Family"
"1733","Fantasy"
"1735","Action"
"1735","Adventure"
"1735","Animation"
"1736","Crime"
"1736","Drama"
"1736","Mystery"
"1737","Comedy"
"1737","Drama"
"1738","Comedy"
"1740","Comedy"
"1746","Comedy"
"1746","Game"
"1748","Action"
"1748","Game"
"1753","Comedy"
"1756","Comedy"
"1756","Family"
"1764","Comedy"
"1764","Drama"
"1764","Family"
